,City,Rank,Sunshine hours(City),Cost of a bottle of water(City),Obesity levels(Country),Life expectancy(years) (Country),Pollution(Index score) (City),Annual avg. hours worked,Happiness levels(Country),Outdoor activities(City),Number of take out places(City),Cost of a monthly gym membership(City),Coordinates,Latitude,Longitude
0,Amsterdam,1,1858.0,1.92,20.4,81.2,31.0,1434.0,7.44,422,1048,34.9,"(52.3727598, 4.8936041)",52.3727598,4.8936041
1,Sydney,2,2636.0,1.48,29.0,82.1,27.0,1712.0,7.22,406,1103,41.66,"(-33.8698439, 151.2082848)",-33.8698439,151.2082848
2,Vienna,3,1884.0,1.94,20.1,81.0,17.0,1501.0,7.29,132,1008,25.74,"(48.2083537, 16.3725042)",48.2083537,16.3725042
3,Stockholm,4,1821.0,1.72,20.6,81.8,20.0,1452.0,7.35,129,598,37.31,"(59.3251172, 18.0710935)",59.3251172,18.0710935
4,Copenhagen,5,1630.0,2.19,19.7,79.8,21.0,1380.0,7.64,154,523,32.53,"(55.6867243, 12.5700724)",55.6867243,12.5700724
5,Helsinki,6,1662.0,1.6,22.2,80.4,13.0,1540.0,7.8,113,309,35.23,"(60.1674881, 24.9427473)",60.1674881,24.9427473
6,Fukuoka,7,2769.0,0.78,4.3,83.2,51.0,1644.0,5.87,35,539,55.87,"(33.6251241, 130.6180016)",33.6251241,130.6180016
7,Berlin,8,1626.0,1.55,22.3,80.6,39.0,1386.0,7.07,254,1729,26.11,"(52.5170365, 13.3888599)",52.5170365,13.3888599
8,Barcelona,9,2591.0,1.19,23.8,82.2,65.0,1686.0,6.4,585,2344,37.8,"(41.3828939, 2.1774322)",41.3828939,2.1774322
9,Vancouver,10,1938.0,1.08,29.4,81.7,24.0,1670.0,7.23,218,788,31.04,"(49.2608724, -123.113952)",49.2608724,-123.113952
10,Melbourne,11,2363.0,1.57,29.0,82.1,26.0,1712.0,7.22,243,813,36.89,"(-37.8142176, 144.9631608)",-37.8142176,144.9631608
11,Beijing,12,2671.0,0.26,6.2,75.4,85.0,1673.0,5.12,223,261,38.62,"(39.906217, 116.3912757)",39.906217,116.3912757
12,Bangkok,13,2624.0,0.22,10.0,74.1,77.0,1673.0,5.99,377,1796,50.03,"(13.7525438, 100.4934734)",13.7525438,100.4934734
13,Buenos Aires,14,2525.0,0.57,28.3,75.9,53.0,1673.0,5.97,246,1435,22.45,"(-34.6075682, -58.4370894)",-34.6075682,-58.4370894
14,Toronto,15,2066.0,1.09,29.4,81.7,38.0,1670.0,7.23,174,1656,32.64,"(43.6534817, -79.3839347)",43.6534817,-79.3839347
15,Madrid,16,2769.0,1.3,23.8,82.2,53.0,1686.0,6.4,216,2491,34.54,"(40.4167047, -3.7035825)",40.4167047,-3.7035825
16,Jakarta,17,2983.0,0.21,6.9,68.5,84.0,1673.0,5.28,114,833,29.94,"(-6.1753942, 106.827183)",-6.1753942,106.827183
17,Seoul,18,2066.0,0.59,4.7,81.3,58.0,1967.0,5.87,144,389,43.03,"(37.5666791, 126.9782914)",37.5666791,126.9782914
18,Frankfurt,19,1662.0,1.95,22.3,80.6,38.0,1386.0,7.07,23,551,39.01,"(50.1106444, 8.6820917)",50.1106444,8.6820917
19,Geneva,20,2246.0,2.62,19.5,82.6,27.0,1557.0,7.56,44,444,70.0,"(46.2017559, 6.1466014)",46.2017559,6.1466014
20,Tel Aviv,21,3311.0,1.63,26.1,81.9,47.0,1898.0,7.12,139,420,58.31,"(32.0852997, 34.7818064)",32.0852997,34.7818064
21,Istanbul,22,2218.0,0.15,32.1,74.7,69.0,1832.0,5.13,419,934,16.97,"(41.0091982, 28.9662187)",41.0091982,28.9662187
22,Cairo,23,3542.0,0.16,32.0,70.7,92.0,1673.0,4.15,323,250,23.25,"(30.0443879, 31.2357257)",30.0443879,31.2357257
23,Taipei,24,1405.0,0.57,6.2,75.4,49.0,1673.0,5.12,134,717,34.76,"(25.0375198, 121.5636796)",25.0375198,121.5636796
24,Los Angeles,25,3254.0,1.52,36.2,78.8,66.0,1779.0,6.94,223,1439,32.0,"(34.0536909, -118.242766)",34.0536909,-118.242766
25,Mumbai,26,2584.0,0.15,3.9,67.3,83.0,1673.0,3.57,187,1183,19.54,"(19.0759899, 72.8773928)",19.0759899,72.8773928
26,Boston,27,2634.0,1.39,36.2,78.8,27.0,1779.0,6.94,88,588,46.27,"(42.3602534, -71.0582912)",42.3602534,-71.0582912
27,Dublin,28,1453.0,1.4,25.3,80.5,40.0,1772.0,7.09,159,659,37.35,"(53.3497645, -6.2602732)",53.3497645,-6.2602732
28,Tokyo,29,1877.0,0.76,4.3,83.2,43.0,1644.0,5.87,387,5802,70.82,"(35.6828387, 139.7594549)",35.6828387,139.7594549
29,Chicago,30,2508.0,1.2,36.2,78.8,43.0,1779.0,6.94,171,1320,41.14,"(41.8755616, -87.6244212)",41.8755616,-87.6244212
30,Hong Kong,31,1836.0,0.75,6.2,75.4,67.0,1673.0,5.51,277,1257,57.95,"(22.2793278, 114.1628131)",22.2793278,114.1628131
31,Shanghai,32,1776.0,0.29,6.2,75.4,77.0,1673.0,5.12,108,346,44.68,"(31.2322758, 121.4692071)",31.2322758,121.4692071
32,Brussels,33,1546.0,2.11,22.1,80.4,63.0,1583.0,6.86,55,988,25.34,"(50.8465573, 4.351697)",50.8465573,4.351697
33,San Francisco,34,3062.0,1.6,36.2,78.8,47.0,1779.0,6.94,242,1031,65.13,"(37.7790262, -122.419906)",37.7790262,-122.419906
34,Paris,35,1662.0,1.95,21.6,81.8,65.0,1505.0,6.66,331,4363,35.93,"(48.8588897, 2.3200410217200766)",48.8588897,2.3200410217200766
35,Sao Paulo,36,2003.0,0.44,22.1,73.9,80.0,1673.0,6.37,158,3355,16.07,"(-23.5506507, -46.6333824)",-23.5506507,-46.6333824
36,Zurich,37,1566.0,3.2,19.5,82.6,17.0,1557.0,7.56,69,538,73.11,"(47.3744489, 8.5410422)",47.3744489,8.5410422
37,London,38,1633.0,1.16,27.8,80.4,59.0,1538.0,7.16,433,6417,42.71,"(51.5073219, -0.1276474)",51.5073219,-0.1276474
38,Johannesburg,39,3124.0,0.59,28.3,56.3,62.0,1673.0,4.81,194,492,24.28,"(-26.205, 28.049722)",-26.205,28.049722
39,Milan,40,1915.0,1.15,19.9,82.7,67.0,1718.0,6.38,110,2396,53.49,"(45.4641943, 9.1896346)",45.4641943,9.1896346
40,"Washington, D.C.",41,2528.0,1.45,36.2,78.8,39.0,1779.0,6.94,83,744,65.99,"(38.9074322, -77.0350922)",38.9074322,-77.0350922
41,New York,42,2535.0,1.32,36.2,78.8,57.0,1779.0,6.94,359,3081,64.66,"(40.7127281, -74.0060152)",40.7127281,-74.0060152
42,Moscow,43,1901.0,0.41,23.1,69.5,58.0,1965.0,5.54,322,3206,31.4,"(55.7504461, 37.6174943)",55.7504461,37.6174943
43,Mexico City,44,2555.0,0.45,28.9,76.4,83.0,2137.0,6.46,192,1313,41.99,"(19.4326296, -99.1331785)",19.4326296,-99.1331785
